Domain,Citation_Count
luxuryhomefaucet.com,9
vigafaucet.com,8
made-in-china.com,7
plumberstar.com,7
anmeifaucet.com,6
sanitarysolutions.com,6
aquacubic.com,6
aimfaucet.com,5
foreasyhome.com,5
susan.com.tr,5
finishing.com,4
tradeindia.com,4
b2brazil.com,4
americanfaucetcorp.com,4
moen.com,4
steelcastingmfg.com,4
steelobrien.com,4
industrialmonitordirect.com,4
fanski.com,4
huayisanitaryware.com,4
pioneerind.com,3
cnehoo.com,3
dawnway.com.tw,3
americanstainlessandsupply.com,3
okboxer.com,3
csidesigns.com,3
rodgerindustries.com,3
binswangerglass.com,3
araner.com,3
google.com,3
thomasnet.com,3
viga.cc,3
cn-aim.com,3
chinachaoling.com,3
lankko.com,3
yoroow.en.alibaba.com,2
foxglobal.com.au,2
unitedbrass.com,2
unionbrass.com,2
waterarmorusa.com,2
fergusonindustrial.com,2
deltafaucet.com,2
fortisfaucet.com,2
freeportmarine.com,2
bascoshowerdoor.com,2
crlaurence.com,2
holcam.com,2
americanshowerdoor.com,2
fhc-usa.com,2
protolabs.com,2
firstmold.com,2
phoenixproto.com,2
alibaba.com,2
americanpipelinesolutions.com,2
cincinnati-test.com,2
ilbroach.com,2
polygonsolutions.com,2
pilotprecision.com,2
momwithfive.com,2
rotorooter.com,2
coverstore.com,2
spark-faucet.com,2
shenermei.goldsupplier.com,2
ivigafaucet.com,1
sharrettsplating.com,1
twobirds.com,1
china-briefing.com,1
geodis.com,1
ifanbrass.com,1
pricepedia.it,1
legines.com,1
accurateplastics.net,1
cedarstoneindustry.com,1
chicagofaucetshoppe.com,1
cnsanipro.en.made-in-china.com,1
reddit.com,1
motorhomefun.co.uk,1
en.kangxin.com,1
borsamip.com,1
cnipa.ai,1
pss-system.cnipa.gov.cn,1
cpquery.sipo.gov.cn,1
patents.google.com,1
worldwide.espacenet.com,1
quadromag.eu,1
wevolver.com,1
aprios.com,1
custom-plastic-mold.com,1
twbathtub.com,1
parlunbuilding.com,1
hofensanitary.com,1
grohe.com,1
americanstandard-us.com,1
kohler.com,1
hansgrohe.com,1
tradekey.com,1
infaucets.com,1
millerbroach.com,1
bonnetsandstems.com,1
sigmafaucetparts.com,1
1800plumber.com,1
yoroow.com,1
globalsources.com,1
mfg.com,1
vxb.com,1
thisoldhouse.com,1
runner-corp.com,1
phylrich.com,1
