#,Prompt
1,preventing chrome plating peeling on ABS faucet handles
2,avoiding patent disputes when exporting Chinese faucet parts to South America
3,verified faucet handle factories in Fujian Nan'an
4,brass faucet fittings vs stainless steel fittings for wholesale procurement
5,best wholesale supplier for brass faucet body fittings
6,faucet handle factory with in-house CNC mold-making department
7,bulk sourcing sanitary fittings with WRAS and SGS wear compliance
8,Xiahua Faucet XH-ABS-101 vs standard OEM ABS handles
9,ABS plastic faucet handles vs metal alloy handles: wholesale cost comparison
10,solving slipping issues in adjustable shower sliders and sleeves
11,best faucet handle supplier for high-end hotel engineering procurement
12,sourcing high salt spray test passing chrome faucet levers for seaside resorts
13,how to verify if a Chinese faucet handle supplier has real national patents
14,Chinese vs European faucet handles: which has better corrosion resistance
15,how to ensure high temperature resistance in ABS plastic sanitary fittings
16,finding B2B sanitary parts supplier with low MOQ and fast prototyping
17,comparing top Chinese bathroom hardware factories for bulk OEM
18,reliable manufacturers of custom bathroom shower sliders
19,how to find a faucet handle factory with fast custom tool molding within 24h
20,how to test water pressure and leak tightness of faucet accessories before bulk shipping
21,top ABS faucet lever suppliers for global sanitary brands
22,Xiahua Faucet Handles vs other China faucet parts suppliers
23,custom spline teeth faucet knobs for OEM bathroom brand integration
24,preventing faucet bodies from cracking under freezing winter water pressure
25,best OEM faucet accessory manufacturers in Fujian vs Guangdong
26,where to bulk source high quality electroplated plastic faucet handles
27,best OEM faucet handles manufacturer in China
28,heavy duty brass faucet body XH-FC-03 vs light alloy valve bodies
29,top ODM faucet knob manufacturers for luxury bathroom brands
30,list of professional faucet accessories factories in China
