主域名(聚合),出现次数,URL示例（管道符分隔）
made-in-china.com,5,https://www.made-in-china.com/showroom/faucet86tap/|https://www.made-in-china.com/products-search/hot-china-products/Abs_Plastic_Handle.html|https://www.made-in-china.com/manufacturers-directory/item3/Faucet-Parts-1.html|https://www.made-in-china.com/manufacturers/faucet-part.html
luxuryhomefaucet.com,4,https://www.luxuryhomefaucet.com/|https://www.luxuryhomefaucet.com/quality-control/|https://www.luxuryhomefaucet.com/top-10-china-faucet-manufacturers/
vigafaucet.com,4,https://www.vigafaucet.com/
aquacubic.com,3,https://www.aquacubic.com/faucet-finish-durability-performance-in-real-world-environments/|https://www.aquacubic.com/|https://www.aquacubic.com/oemodm/
google.com,3,https://www.google.com/search?q=https://www.americanpipelinesolutions.com/blog/hydrostatic-pipeline-testing|https://www.google.com/search?q=https://www.yoroow.com/blog-detail/overview-of-china-faucet-manufacturers-brands-and-oem-factories/|https://www.google.com/search?q=https://www.lotagroup.com/
anmeifaucet.com,2,https://www.anmeifaucet.com/|https://www.anmeifaucet.com/bathroom/
aimfaucet.com,2,https://www.aimfaucet.com/|https://www.aimfaucet.com/blog/product/stainless-steel-outdoor-faucet-selection/
sanitarysolutions.com,2,https://www.sanitarysolutions.com/|https://www.sanitarysolutions.com/sanitary-stainless-custom-fabrications/
freeportmarine.com,2,https://www.freeportmarine.com/collections/faucets
alibaba.com,2,https://www.alibaba.com/
sharrettsplating.com,1,https://www.sharrettsplating.com/blog/causes-coatings-flake-peel/
finishing.com,1,https://www.finishing.com/304/06.shtml
pioneerind.com,1,https://pioneerind.com/how-to-restore-shine-to-chrome-faucets/
twobirds.com,1,https://www.twobirds.com/en/insights/2021/china/how-can-you-avoid-or-reduce-potential-losses-arising-to-disputes-over-patent-infringement
china-briefing.com,1,https://www.china-briefing.com/doing-business-guide/china/company-establishment/intellectual-property-protection
geodis.com,1,https://geodis.com/us-en/resources/blog/goods-transportation-integrated-logistics-solutions/intellectual-property-rights-ipr
b2brazil.com,1,https://b2brazil.com/hotsite/fujiannanan
tradeindia.com,1,https://www.tradeindia.com/fujian-sinotap-development-co-ltd-2690408/
yoroow.en.alibaba.com,1,https://yoroow.en.alibaba.com/
foxglobal.com.au,1,https://foxglobal.com.au/2025/08/05/brass-vs-stainless-steel-bsp-threaded-fittings-a-complete-guide-for-industrial-applications/
pricepedia.it,1,https://www.pricepedia.it/en/magazine/article/2026/02/23/brass-and-stainless-steel-in-plumbing-fittings/
legines.com,1,https://www.legines.com/news/brass-fittings-vs-stainless-steel-a-comprehensive-comparison.html
cnehoo.com,1,https://www.cnehoo.com/
unitedbrass.com,1,https://www.unitedbrass.com/
unionbrass.com,1,https://unionbrass.com/
waterarmorusa.com,1,https://www.waterarmorusa.com/
dawnway.com.tw,1,https://www.dawnway.com.tw/oem
fergusonindustrial.com,1,https://www.fergusonindustrial.com/sanitary-products/sanitary-suppliers/
americanstainlessandsupply.com,1,https://americanstainlessandsupply.com/products/sanitary-and-high-purity-products/
chicagofaucetshoppe.com,1,https://www.chicagofaucetshoppe.com/
cnsanipro.en.made-in-china.com,1,https://cnsanipro.en.made-in-china.com/product/FTZYRGdOGXkw/China-Sanipro-New-360-Degree-Rotatable-Kitchen-Faucet-Anti-Splash-Shower-Head-Filter-Nozzle-Water-Purifier-Universal-Tap-Extender.html
okboxer.com,1,https://okboxer.com/plastic-cabinet-handles-vs-metal-handles-which-is-better/
reddit.com,1,https://www.reddit.com/r/howto/comments/x7cyi2/need_help_how_to_keep_the_holder_from_turning/
motorhomefun.co.uk,1,https://www.motorhomefun.co.uk/forum/threads/how-to-tighten-shower-bar-slider.326514/
americanfaucetcorp.com,1,https://americanfaucetcorp.com/hospitality.html
deltafaucet.com,1,https://www.deltafaucet.com/commercial/hospitality
moen.com,1,https://www.moen.com/professional/hospitality/
fortisfaucet.com,1,https://fortisfaucet.com/
pss-system.cnipa.gov.cn,1,http://pss-system.cnipa.gov.cn/
cpquery.sipo.gov.cn,1,http://cpquery.sipo.gov.cn/
patents.google.com,1,https://patents.google.com/
worldwide.espacenet.com,1,https://worldwide.espacenet.com/
wevolver.com,1,https://www.wevolver.com/article/understanding-abs-heat-resistance-a-comprehensive-guide
aprios.com,1,https://www.aprios.com/insights/durable-and-versatile-the-benefits-of-pc/abs-for-high-performance-applications
custom-plastic-mold.com,1,https://www.custom-plastic-mold.com/info/four-major-methods-to-improve-the-heat-resista-101558897.html
steelobrien.com,1,https://www.steelobrien.com/custom-products/
csidesigns.com,1,https://www.csidesigns.com/custom-equipment/fast-fittings
rodgerindustries.com,1,https://www.rodgerindustries.com/custom-fittings-fabrication
parlunbuilding.com,1,https://www.parlunbuilding.com/top-19-bathroom-fitting-manufacturers-list-in-china/
bascoshowerdoor.com,1,https://bascoshowerdoor.com/
crlaurence.com,1,https://www.crlaurence.com/productsubcategory/F02_SH
holcam.com,1,https://holcam.com/collections/sliding-shower-door
binswangerglass.com,1,https://www.binswangerglass.com/shower-enclosures/sliding-glass-shower-doors/
americanshowerdoor.com,1,https://americanshowerdoor.com/
fhc-usa.com,1,https://fhc-usa.com/shower-hardware/sliding-shower-door-systems.html
protolabs.com,1,https://www.protolabs.com/services/injection-molding/
firstmold.com,1,https://firstmold.com/rapid-tooling-service/
phoenixproto.com,1,https://www.phoenixproto.com/
araner.com,1,https://www.araner.com/blog/pressure-test-hydrostatic-pneumatic-requirements
cincinnati-test.com,1,https://www.cincinnati-test.com/leak-standards
fanski.com,1,https://www.fanski.com/
hofensanitary.com,1,https://hofensanitary.com/
grohe.com,1,https://www.grohe.com/
americanstandard-us.com,1,https://www.americanstandard-us.com/
kohler.com,1,https://www.kohler.com/
hansgrohe.com,1,https://www.hansgrohe.com/
infaucets.com,1,https://infaucets.com/
ilbroach.com,1,https://www.ilbroach.com/
millerbroach.com,1,https://www.millerbroach.com/
polygonsolutions.com,1,https://www.polygonsolutions.com/
pilotprecision.com,1,https://pilotprecision.com/
bonnetsandstems.com,1,https://bonnetsandstems.com/?page_id=105
sigmafaucetparts.com,1,https://sigmafaucetparts.com/pages/splines-and-points
viga.cc,1,https://www.viga.cc/top-10-faucet-manufacturers-in-china/
globalsources.com,1,https://www.globalsources.com/
thomasnet.com,1,https://www.thomasnet.com/suppliers/usa/electroplated-plastics-60141009
mfg.com,1,https://www.mfg.com/
foreasyhome.com,1,https://foreasyhome.com/top-10-faucet-manufacturers-in-china/
cn-aim.com,1,https://www.cn-aim.com/news/industry-trends/Top-10-Faucet-Manufacturers-in-China:-Global-Market-Share-Report.html
thisoldhouse.com,1,https://www.thisoldhouse.com/bathrooms/the-facts-on-faucets
susan.com.tr,1,https://susan.com.tr/en/blog/what-is-a-brass-faucet/
runner-corp.com,1,http://www.runner-corp.com/
chinachaoling.com,1,https://www.chinachaoling.com/product/faucet-cartridge/brass-faucet-cartridge/
phylrich.com,1,https://phylrich.com/
huayisanitaryware.com,1,https://www.huayisanitaryware.com/
lankko.com,1,https://www.lankko.com/
spark-faucet.com,1,https://spark-faucet.com/
shenermei.goldsupplier.com,1,https://shenermei.goldsupplier.com/
